{
  "offsets": [
    -7.110320037552397e-05,
    95.03823962134578,
    -90.45682694348666,
    -2.59192787748763e-05,
    4.6104032992681555e-05,
    -4.759676848388582e-05
  ],
  "total_error_mm2": 6470.872424135373
}