{
  "DH_PARAMS_optimized": {
    "joint0": {
      "a": -0.0059626914060326875,
      "alpha": 90,
      "d": 1.792712073212777,
      "offset": 0
    },
    "joint1": {
      "a": 291.95248128640253,
      "alpha": 0,
      "d": 0,
      "offset": 95.18550480108473
    },
    "joint2": {
      "a": 272.71953417499253,
      "alpha": -90,
      "d": 0,
      "offset": -86.30457290731914
    },
    "joint3": {
      "a": 194.15946954807745,
      "alpha": 0,
      "d": 0,
      "offset": 0
    },
    "joint4": {
      "a": 0,
      "alpha": -90,
      "d": 0,
      "offset": 0
    },
    "joint5": {
      "a": -49.995600890756585,
      "alpha": 0,
      "d": 0,
      "offset": 0
    }
  },
  "total_error_mm2": 751.7669967826502,
  "num_points": 5
}