{
  "offsets": [
    -0.00011901531188987936,
    95.92315477821973,
    -88.85057648981916,
    7.659799542538814e-07,
    1.5704979264409136e-05,
    -3.922949554361241e-05
  ],
  "total_error_mm2": 6172.023970563591
}